"_time","Rate (Avg) /s"
"2024-05-09T03:00:00.000+00:00",60655
"2024-05-09T03:00:30.000+00:00",60659
"2024-05-09T03:01:00.000+00:00",60665
"2024-05-09T03:01:30.000+00:00",60669
"2024-05-09T03:02:00.000+00:00",60673
"2024-05-09T03:02:30.000+00:00",60678
"2024-05-09T03:03:00.000+00:00",60683
"2024-05-09T03:03:30.000+00:00",60689
"2024-05-09T03:04:00.000+00:00",60693
"2024-05-09T03:04:30.000+00:00",60697
"2024-05-09T03:05:00.000+00:00",60701
"2024-05-09T03:05:30.000+00:00",60708
"2024-05-09T03:06:00.000+00:00",60712
"2024-05-09T03:06:30.000+00:00",60716
"2024-05-09T03:07:00.000+00:00",60720
"2024-05-09T03:07:30.000+00:00",60727
"2024-05-09T03:08:00.000+00:00",60731
"2024-05-09T03:08:30.000+00:00",60735
"2024-05-09T03:09:00.000+00:00",60740
"2024-05-09T03:09:30.000+00:00",60746
"2024-05-09T03:10:00.000+00:00",60750
"2024-05-09T03:10:30.000+00:00",60754
"2024-05-09T03:11:00.000+00:00",60758
"2024-05-09T03:11:30.000+00:00",60764
"2024-05-09T03:12:00.000+00:00",60769
"2024-05-09T03:12:30.000+00:00",60773
"2024-05-09T03:13:00.000+00:00",60777
"2024-05-09T03:13:30.000+00:00",60783
"2024-05-09T03:14:00.000+00:00",60787
"2024-05-09T03:14:30.000+00:00",60792
"2024-05-09T03:15:00.000+00:00",60796
"2024-05-09T03:15:30.000+00:00",60800
"2024-05-09T03:16:00.000+00:00",60806
"2024-05-09T03:16:30.000+00:00",60810
"2024-05-09T03:17:00.000+00:00",60814
"2024-05-09T03:17:30.000+00:00",60818
"2024-05-09T03:18:00.000+00:00",60827
"2024-05-09T03:18:30.000+00:00",60833
"2024-05-09T03:19:00.000+00:00",60837
"2024-05-09T03:19:30.000+00:00",60841
"2024-05-09T03:20:00.000+00:00",60847
"2024-05-09T03:20:30.000+00:00",60851
"2024-05-09T03:21:00.000+00:00",60856
"2024-05-09T03:21:30.000+00:00",60860
"2024-05-09T03:22:00.000+00:00",60866
"2024-05-09T03:22:30.000+00:00",60870
"2024-05-09T03:23:00.000+00:00",60874
"2024-05-09T03:23:30.000+00:00",60878
"2024-05-09T03:24:00.000+00:00",60885
"2024-05-09T03:24:30.000+00:00",60889
"2024-05-09T03:25:00.000+00:00",60893
"2024-05-09T03:25:30.000+00:00",60897
"2024-05-09T03:26:00.000+00:00",60903
"2024-05-09T03:26:30.000+00:00",60907
"2024-05-09T03:27:00.000+00:00",60912
"2024-05-09T03:27:30.000+00:00",60916
"2024-05-09T03:28:00.000+00:00",60920
"2024-05-09T03:28:30.000+00:00",60927
"2024-05-09T03:29:00.000+00:00",60931
"2024-05-09T03:29:30.000+00:00",60935
"2024-05-09T03:30:00.000+00:00",60939
"2024-05-09T03:30:30.000+00:00",60946
"2024-05-09T03:31:00.000+00:00",60950
"2024-05-09T03:31:30.000+00:00",60954
"2024-05-09T03:32:00.000+00:00",60958
"2024-05-09T03:32:30.000+00:00",60964
"2024-05-09T03:33:00.000+00:00",60969
"2024-05-09T03:33:30.000+00:00",60973
"2024-05-09T03:34:00.000+00:00",60977
"2024-05-09T03:34:30.000+00:00",60983
"2024-05-09T03:35:00.000+00:00",60987
"2024-05-09T03:35:30.000+00:00",60991
"2024-05-09T03:36:00.000+00:00",60995
"2024-05-09T03:36:30.000+00:00",61003
"2024-05-09T03:37:00.000+00:00",61007
"2024-05-09T03:37:30.000+00:00",61011
"2024-05-09T03:38:00.000+00:00",61015
"2024-05-09T03:38:30.000+00:00",61021
"2024-05-09T03:39:00.000+00:00",61025
"2024-05-09T03:39:30.000+00:00",61030
"2024-05-09T03:40:00.000+00:00",61033
"2024-05-09T03:40:30.000+00:00",61038
"2024-05-09T03:41:00.000+00:00",61044
"2024-05-09T03:41:30.000+00:00",61048
"2024-05-09T03:42:00.000+00:00",61053
"2024-05-09T03:42:30.000+00:00",61057
"2024-05-09T03:43:00.000+00:00",61063
"2024-05-09T03:43:30.000+00:00",61067
"2024-05-09T03:44:00.000+00:00",61072
"2024-05-09T03:44:30.000+00:00",61076
"2024-05-09T03:45:00.000+00:00",61082
"2024-05-09T03:45:30.000+00:00",61086
"2024-05-09T03:46:00.000+00:00",61091
"2024-05-09T03:46:30.000+00:00",61095
"2024-05-09T03:47:00.000+00:00",61101
"2024-05-09T03:47:30.000+00:00",61105
"2024-05-09T03:48:00.000+00:00",61110
"2024-05-09T03:48:30.000+00:00",61114
"2024-05-09T03:49:00.000+00:00",61120
"2024-05-09T03:49:30.000+00:00",61125
"2024-05-09T03:50:00.000+00:00",61129
"2024-05-09T03:50:30.000+00:00",61133
"2024-05-09T03:51:00.000+00:00",61137
"2024-05-09T03:51:30.000+00:00",61143
"2024-05-09T03:52:00.000+00:00",61148
"2024-05-09T03:52:30.000+00:00",61154
"2024-05-09T03:53:00.000+00:00",61158
"2024-05-09T03:53:30.000+00:00",61164
"2024-05-09T03:54:00.000+00:00",61168
"2024-05-09T03:54:30.000+00:00",61172
"2024-05-09T03:55:00.000+00:00",61176
"2024-05-09T03:55:30.000+00:00",61183
"2024-05-09T03:56:00.000+00:00",61187
"2024-05-09T03:56:30.000+00:00",61191
"2024-05-09T03:57:00.000+00:00",61195
"2024-05-09T03:57:30.000+00:00",61202
"2024-05-09T03:58:00.000+00:00",61206
"2024-05-09T03:58:30.000+00:00",61210
"2024-05-09T03:59:00.000+00:00",61214
"2024-05-09T03:59:30.000+00:00",61220
"2024-05-09T04:00:00.000+00:00",61224
"2024-05-09T04:00:30.000+00:00",61229
"2024-05-09T04:01:00.000+00:00",61233
"2024-05-09T04:01:30.000+00:00",61239
"2024-05-09T04:02:00.000+00:00",61245
"2024-05-09T04:02:30.000+00:00",61249
"2024-05-09T04:03:00.000+00:00",61253
"2024-05-09T04:03:30.000+00:00",61257
"2024-05-09T04:04:00.000+00:00",61263
"2024-05-09T04:04:30.000+00:00",61268
"2024-05-09T04:05:00.000+00:00",61272
"2024-05-09T04:05:30.000+00:00",61276
"2024-05-09T04:06:00.000+00:00",61282
"2024-05-09T04:06:30.000+00:00",61286
"2024-05-09T04:07:00.000+00:00",61291
"2024-05-09T04:07:30.000+00:00",61295
"2024-05-09T04:08:00.000+00:00",61301
"2024-05-09T04:08:30.000+00:00",61305
"2024-05-09T04:09:00.000+00:00",61309
"2024-05-09T04:09:30.000+00:00",61313
"2024-05-09T04:10:00.000+00:00",61321
"2024-05-09T04:10:30.000+00:00",61325
"2024-05-09T04:11:00.000+00:00",61329
"2024-05-09T04:11:30.000+00:00",61333
"2024-05-09T04:12:00.000+00:00",61339
"2024-05-09T04:12:30.000+00:00",61344
"2024-05-09T04:13:00.000+00:00",61348
"2024-05-09T04:13:30.000+00:00",61352
"2024-05-09T04:14:00.000+00:00",61358
"2024-05-09T04:14:30.000+00:00",61362
"2024-05-09T04:15:00.000+00:00",61366
"2024-05-09T04:15:30.000+00:00",61371
"2024-05-09T04:16:00.000+00:00",61376
"2024-05-09T04:16:30.000+00:00",61382
"2024-05-09T04:17:00.000+00:00",61386
"2024-05-09T04:17:30.000+00:00",61390
"2024-05-09T04:18:00.000+00:00",61394
"2024-05-09T04:18:30.000+00:00",61400
"2024-05-09T04:19:00.000+00:00",61405
"2024-05-09T04:19:30.000+00:00",61409
"2024-05-09T04:20:00.000+00:00",61413
"2024-05-09T04:20:30.000+00:00",61419
"2024-05-09T04:21:00.000+00:00",61423
"2024-05-09T04:21:30.000+00:00",61427
"2024-05-09T04:22:00.000+00:00",61433
"2024-05-09T04:22:30.000+00:00",61439
"2024-05-09T04:23:00.000+00:00",61443
"2024-05-09T04:23:30.000+00:00",61447
"2024-05-09T04:24:00.000+00:00",61451
"2024-05-09T04:24:30.000+00:00",61457
"2024-05-09T04:25:00.000+00:00",61463
"2024-05-09T04:25:30.000+00:00",61468
"2024-05-09T04:26:00.000+00:00",61472
"2024-05-09T04:26:30.000+00:00",61478
"2024-05-09T04:27:00.000+00:00",61482
"2024-05-09T04:27:30.000+00:00",61486
"2024-05-09T04:28:00.000+00:00",61491
"2024-05-09T04:28:30.000+00:00",61495
"2024-05-09T04:29:00.000+00:00",61501
"2024-05-09T04:29:30.000+00:00",61505
"2024-05-09T04:30:00.000+00:00",61509
"2024-05-09T04:30:30.000+00:00",61514
"2024-05-09T04:31:00.000+00:00",61520
"2024-05-09T04:31:30.000+00:00",61524
"2024-05-09T04:32:00.000+00:00",61528
"2024-05-09T04:32:30.000+00:00",61532
"2024-05-09T04:33:00.000+00:00",61538
"2024-05-09T04:33:30.000+00:00",61542
"2024-05-09T04:34:00.000+00:00",61547
"2024-05-09T04:34:30.000+00:00",61551
"2024-05-09T04:35:00.000+00:00",61557
"2024-05-09T04:35:30.000+00:00",61562
"2024-05-09T04:36:00.000+00:00",61566
"2024-05-09T04:36:30.000+00:00",61570
"2024-05-09T04:37:00.000+00:00",61577
"2024-05-09T04:37:30.000+00:00",61581
"2024-05-09T04:38:00.000+00:00",61585
"2024-05-09T04:38:30.000+00:00",61589
"2024-05-09T04:39:00.000+00:00",61595
"2024-05-09T04:39:30.000+00:00",61599
"2024-05-09T04:40:00.000+00:00",61604
"2024-05-09T04:40:30.000+00:00",61608
"2024-05-09T04:41:00.000+00:00",61614
"2024-05-09T04:41:30.000+00:00",61618
"2024-05-09T04:42:00.000+00:00",61622
"2024-05-09T04:42:30.000+00:00",61626
"2024-05-09T04:43:00.000+00:00",61631
"2024-05-09T04:43:30.000+00:00",61637
"2024-05-09T04:44:00.000+00:00",61642
"2024-05-09T04:44:30.000+00:00",61646
"2024-05-09T04:45:00.000+00:00",61650
"2024-05-09T04:45:30.000+00:00",61656
"2024-05-09T04:46:00.000+00:00",61684
"2024-05-09T04:46:30.000+00:00",61793
"2024-05-09T04:47:00.000+00:00",61797
"2024-05-09T04:47:30.000+00:00",61835
"2024-05-09T04:48:00.000+00:00",61839
"2024-05-09T04:48:30.000+00:00",61955
"2024-05-09T04:49:00.000+00:00",61975
"2024-05-09T04:49:30.000+00:00",61982
"2024-05-09T04:50:00.000+00:00",61987
"2024-05-09T04:50:30.000+00:00",61991
"2024-05-09T04:51:00.000+00:00",61995
"2024-05-09T04:51:30.000+00:00",62001
"2024-05-09T04:52:00.000+00:00",62022
"2024-05-09T04:52:30.000+00:00",62257
"2024-05-09T04:53:00.000+00:00",62496
"2024-05-09T04:53:30.000+00:00",62739
"2024-05-09T04:54:00.000+00:00",62975
"2024-05-09T04:54:30.000+00:00",63194
"2024-05-09T04:55:00.000+00:00",63200
"2024-05-09T04:55:30.000+00:00",63236
"2024-05-09T04:56:00.000+00:00",63242
"2024-05-09T04:56:30.000+00:00",63246
"2024-05-09T04:57:00.000+00:00",63282
"2024-05-09T04:57:30.000+00:00",63366
"2024-05-09T04:58:00.000+00:00",63597
"2024-05-09T04:58:30.000+00:00",63603
"2024-05-09T04:59:00.000+00:00",63607
"2024-05-09T04:59:30.000+00:00",63611
"2024-05-09T05:00:00.000+00:00",63617
"2024-05-09T05:00:30.000+00:00",63870
"2024-05-09T05:01:00.000+00:00",63929
"2024-05-09T05:01:30.000+00:00",63934
"2024-05-09T05:02:00.000+00:00",63940
"2024-05-09T05:02:30.000+00:00",63944
"2024-05-09T05:03:00.000+00:00",64124
"2024-05-09T05:03:30.000+00:00",64256
"2024-05-09T05:04:00.000+00:00",64262
"2024-05-09T05:04:30.000+00:00",64266
"2024-05-09T05:05:00.000+00:00",64270
"2024-05-09T05:05:30.000+00:00",64378
"2024-05-09T05:06:00.000+00:00",64584
"2024-05-09T05:06:30.000+00:00",64589
"2024-05-09T05:07:00.000+00:00",64593
"2024-05-09T05:07:30.000+00:00",64597
"2024-05-09T05:08:00.000+00:00",64641
"2024-05-09T05:08:30.000+00:00",64879
"2024-05-09T05:09:00.000+00:00",64915
"2024-05-09T05:09:30.000+00:00",64921
"2024-05-09T05:10:00.000+00:00",64924
"2024-05-09T05:10:30.000+00:00",64931
"2024-05-09T05:11:00.000+00:00",65094
"2024-05-09T05:11:30.000+00:00",65243
"2024-05-09T05:12:00.000+00:00",65247
"2024-05-09T05:12:30.000+00:00",65253
"2024-05-09T05:13:00.000+00:00",65258
"2024-05-09T05:13:30.000+00:00",65357
"2024-05-09T05:14:00.000+00:00",65569
"2024-05-09T05:14:30.000+00:00",65576
"2024-05-09T05:15:00.000+00:00",65580
"2024-05-09T05:15:30.000+00:00",65584
"2024-05-09T05:16:00.000+00:00",65612
"2024-05-09T05:16:30.000+00:00",65850
"2024-05-09T05:17:00.000+00:00",65902
"2024-05-09T05:17:30.000+00:00",65908
"2024-05-09T05:18:00.000+00:00",65912
"2024-05-09T05:18:30.000+00:00",65916
"2024-05-09T05:19:00.000+00:00",66106
"2024-05-09T05:19:30.000+00:00",66230
"2024-05-09T05:20:00.000+00:00",66234
"2024-05-09T05:20:30.000+00:00",66239
"2024-05-09T05:21:00.000+00:00",66245
"2024-05-09T05:21:30.000+00:00",66368
"2024-05-09T05:22:00.000+00:00",66557
"2024-05-09T05:22:30.000+00:00",66562
"2024-05-09T05:23:00.000+00:00",66568
"2024-05-09T05:23:30.000+00:00",66573
"2024-05-09T05:24:00.000+00:00",66625
"2024-05-09T05:24:30.000+00:00",66861
"2024-05-09T05:25:00.000+00:00",66891
"2024-05-09T05:25:30.000+00:00",66895
"2024-05-09T05:26:00.000+00:00",66899
"2024-05-09T05:26:30.000+00:00",66904
"2024-05-09T05:27:00.000+00:00",67118
"2024-05-09T05:27:30.000+00:00",67218
"2024-05-09T05:28:00.000+00:00",67222
"2024-05-09T05:28:30.000+00:00",67226
"2024-05-09T05:29:00.000+00:00",67234
"2024-05-09T05:29:30.000+00:00",67374
"2024-05-09T05:30:00.000+00:00",67546
"2024-05-09T05:30:30.000+00:00",67550
"2024-05-09T05:31:00.000+00:00",67554
"2024-05-09T05:31:30.000+00:00",67560
"2024-05-09T05:32:00.000+00:00",67636
"2024-05-09T05:32:30.000+00:00",67874
"2024-05-09T05:33:00.000+00:00",67879
"2024-05-09T05:33:30.000+00:00",67885
"2024-05-09T05:34:00.000+00:00",67889
"2024-05-09T05:34:30.000+00:00",67893
"2024-05-09T05:35:00.000+00:00",68138
"2024-05-09T05:35:30.000+00:00",68208
"2024-05-09T05:36:00.000+00:00",68212
"2024-05-09T05:36:30.000+00:00",68216
"2024-05-09T05:37:00.000+00:00",68220
"2024-05-09T05:37:30.000+00:00",68387
"2024-05-09T05:38:00.000+00:00",68536
"2024-05-09T05:38:30.000+00:00",68540
"2024-05-09T05:39:00.000+00:00",68544
"2024-05-09T05:39:30.000+00:00",68550
"2024-05-09T05:40:00.000+00:00",68650
"2024-05-09T05:40:30.000+00:00",68862
"2024-05-09T05:41:00.000+00:00",68866
"2024-05-09T05:41:30.000+00:00",68873
"2024-05-09T05:42:00.000+00:00",68877
"2024-05-09T05:42:30.000+00:00",68905
"2024-05-09T05:43:00.000+00:00",69142
"2024-05-09T05:43:30.000+00:00",69195
"2024-05-09T05:44:00.000+00:00",69201
"2024-05-09T05:44:30.000+00:00",69206
"2024-05-09T05:45:00.000+00:00",69210
"2024-05-09T05:45:30.000+00:00",69406
"2024-05-09T05:46:00.000+00:00",69525
"2024-05-09T05:46:30.000+00:00",69530
"2024-05-09T05:47:00.000+00:00",69534
"2024-05-09T05:47:30.000+00:00",69538
"2024-05-09T05:48:00.000+00:00",69688
"2024-05-09T05:48:30.000+00:00",69853
"2024-05-09T05:49:00.000+00:00",69857
"2024-05-09T05:49:30.000+00:00",69861
"2024-05-09T05:50:00.000+00:00",69867
"2024-05-09T05:50:30.000+00:00",69943
"2024-05-09T05:51:00.000+00:00",70179
"2024-05-09T05:51:30.000+00:00",70183
"2024-05-09T05:52:00.000+00:00",70190
"2024-05-09T05:52:30.000+00:00",70194
"2024-05-09T05:53:00.000+00:00",70198
"2024-05-09T05:53:30.000+00:00",70434
"2024-05-09T05:54:00.000+00:00",70512
"2024-05-09T05:54:30.000+00:00",70516
"2024-05-09T05:55:00.000+00:00",70520
"2024-05-09T05:55:30.000+00:00",70524
"2024-05-09T05:56:00.000+00:00",70700
"2024-05-09T05:56:30.000+00:00",70839
"2024-05-09T05:57:00.000+00:00",70843
"2024-05-09T05:57:30.000+00:00",70847
"2024-05-09T05:58:00.000+00:00",70851
"2024-05-09T05:58:30.000+00:00",70953
"2024-05-09T05:59:00.000+00:00",71165
"2024-05-09T05:59:30.000+00:00",71169
"2024-05-09T06:00:00.000+00:00",71173
"2024-05-09T06:00:30.000+00:00",71179
"2024-05-09T06:01:00.000+00:00",71184
"2024-05-09T06:01:30.000+00:00",71412
"2024-05-09T06:02:00.000+00:00",71496
"2024-05-09T06:02:30.000+00:00",71503
"2024-05-09T06:03:00.000+00:00",71507
"2024-05-09T06:03:30.000+00:00",71512
"2024-05-09T06:04:00.000+00:00",71708
"2024-05-09T06:04:30.000+00:00",71825
"2024-05-09T06:05:00.000+00:00",71829
"2024-05-09T06:05:30.000+00:00",71833
"2024-05-09T06:06:00.000+00:00",71839
"2024-05-09T06:06:30.000+00:00",71967
"2024-05-09T06:07:00.000+00:00",72154
"2024-05-09T06:07:30.000+00:00",72158
"2024-05-09T06:08:00.000+00:00",72162
"2024-05-09T06:08:30.000+00:00",72168
"2024-05-09T06:09:00.000+00:00",72204
"2024-05-09T06:09:30.000+00:00",72441
"2024-05-09T06:10:00.000+00:00",72485
"2024-05-09T06:10:30.000+00:00",72489
"2024-05-09T06:11:00.000+00:00",72495
"2024-05-09T06:11:30.000+00:00",72500
"2024-05-09T06:12:00.000+00:00",72704
"2024-05-09T06:12:30.000+00:00",72812
"2024-05-09T06:13:00.000+00:00",72818
"2024-05-09T06:13:30.000+00:00",72822
"2024-05-09T06:14:00.000+00:00",72826
"2024-05-09T06:14:30.000+00:00",72958
"2024-05-09T06:15:00.000+00:00",73142
"2024-05-09T06:15:30.000+00:00",73146
"2024-05-09T06:16:00.000+00:00",73150
"2024-05-09T06:16:30.000+00:00",73154
"2024-05-09T06:17:00.000+00:00",73218
"2024-05-09T06:17:30.000+00:00",73462
"2024-05-09T06:18:00.000+00:00",73475
"2024-05-09T06:18:30.000+00:00",73479
"2024-05-09T06:19:00.000+00:00",73485
"2024-05-09T06:19:30.000+00:00",73489
"2024-05-09T06:20:00.000+00:00",73493
"2024-05-09T06:20:30.000+00:00",73498
"2024-05-09T06:21:00.000+00:00",73696
"2024-05-09T06:21:30.000+00:00",73812
"2024-05-09T06:22:00.000+00:00",73816
"2024-05-09T06:22:30.000+00:00",73820
"2024-05-09T06:23:00.000+00:00",73824
"2024-05-09T06:23:30.000+00:00",73950
"2024-05-09T06:24:00.000+00:00",74139
"2024-05-09T06:24:30.000+00:00",74144
"2024-05-09T06:25:00.000+00:00",74148
"2024-05-09T06:25:30.000+00:00",74154
"2024-05-09T06:26:00.000+00:00",74206
"2024-05-09T06:26:30.000+00:00",74448
"2024-05-09T06:27:00.000+00:00",74471
"2024-05-09T06:27:30.000+00:00",74477
"2024-05-09T06:28:00.000+00:00",74480
"2024-05-09T06:28:30.000+00:00",74485
"2024-05-09T06:29:00.000+00:00",74672
"2024-05-09T06:29:30.000+00:00",74807
"2024-05-09T06:30:00.000+00:00",74835
"2024-05-09T06:30:30.000+00:00",74919
"2024-05-09T06:31:00.000+00:00",75155
"2024-05-09T06:31:30.000+00:00",75328
"2024-05-09T06:32:00.000+00:00",75540
"2024-05-09T06:32:30.000+00:00",75544
"2024-05-09T06:33:00.000+00:00",75548
"2024-05-09T06:33:30.000+00:00",75552
"2024-05-09T06:34:00.000+00:00",75582
"2024-05-09T06:34:30.000+00:00",75819
"2024-05-09T06:35:00.000+00:00",75871
"2024-05-09T06:35:30.000+00:00",75995
"2024-05-09T06:36:00.000+00:00",76177
"2024-05-09T06:36:30.000+00:00",76277
"2024-05-09T06:37:00.000+00:00",76281
"2024-05-09T06:37:30.000+00:00",76285
"2024-05-09T06:38:00.000+00:00",76292
"2024-05-09T06:38:30.000+00:00",76336
"2024-05-09T06:39:00.000+00:00",76572
"2024-05-09T06:39:30.000+00:00",76609
"2024-05-09T06:40:00.000+00:00",76617
"2024-05-09T06:40:30.000+00:00",76621
"2024-05-09T06:41:00.000+00:00",76626
"2024-05-09T06:41:30.000+00:00",76734
"2024-05-09T06:42:00.000+00:00",76788
"2024-05-09T06:42:30.000+00:00",76792
"2024-05-09T06:43:00.000+00:00",76796
"2024-05-09T06:43:30.000+00:00",76800
"2024-05-09T06:44:00.000+00:00",76877
"2024-05-09T06:44:30.000+00:00",76962
"2024-05-09T06:45:00.000+00:00",76966
"2024-05-09T06:45:30.000+00:00",76970
"2024-05-09T06:46:00.000+00:00",76976
"2024-05-09T06:46:30.000+00:00",77052
"2024-05-09T06:47:00.000+00:00",77288
"2024-05-09T06:47:30.000+00:00",77292
"2024-05-09T06:48:00.000+00:00",77297
"2024-05-09T06:48:30.000+00:00",77303
"2024-05-09T06:49:00.000+00:00",77411
"2024-05-09T06:49:30.000+00:00",77463
"2024-05-09T06:50:00.000+00:00",77467
"2024-05-09T06:50:30.000+00:00",77474
"2024-05-09T06:51:00.000+00:00",77479
"2024-05-09T06:51:30.000+00:00",77547
"2024-05-09T06:52:00.000+00:00",77639
"2024-05-09T06:52:30.000+00:00",77645
"2024-05-09T06:53:00.000+00:00",77649
"2024-05-09T06:53:30.000+00:00",77653
"2024-05-09T06:54:00.000+00:00",77689
"2024-05-09T06:54:30.000+00:00",77815
"2024-05-09T06:55:00.000+00:00",77819
"2024-05-09T06:55:30.000+00:00",77823
"2024-05-09T06:56:00.000+00:00",77827
"2024-05-09T06:56:30.000+00:00",77833
"2024-05-09T06:57:00.000+00:00",77955
"2024-05-09T06:57:30.000+00:00",77993
"2024-05-09T06:58:00.000+00:00",77997
"2024-05-09T06:58:30.000+00:00",78003
"2024-05-09T06:59:00.000+00:00",78007
"2024-05-09T06:59:30.000+00:00",78094
"2024-05-09T07:00:00.000+00:00",78167
"2024-05-09T07:00:30.000+00:00",78172
"2024-05-09T07:01:00.000+00:00",78178
"2024-05-09T07:01:30.000+00:00",78182
"2024-05-09T07:02:00.000+00:00",78234
"2024-05-09T07:02:30.000+00:00",78342
"2024-05-09T07:03:00.000+00:00",78348
"2024-05-09T07:03:30.000+00:00",78353
"2024-05-09T07:04:00.000+00:00",78357
"2024-05-09T07:04:30.000+00:00",78378
"2024-05-09T07:05:00.000+00:00",78504
"2024-05-09T07:05:30.000+00:00",78524
"2024-05-09T07:06:00.000+00:00",78528
"2024-05-09T07:06:30.000+00:00",78532
"2024-05-09T07:07:00.000+00:00",78538
"2024-05-09T07:07:30.000+00:00",78646
"2024-05-09T07:08:00.000+00:00",78699
"2024-05-09T07:08:30.000+00:00",78703
"2024-05-09T07:09:00.000+00:00",78709
"2024-05-09T07:09:30.000+00:00",78714
"2024-05-09T07:10:00.000+00:00",78791
"2024-05-09T07:10:30.000+00:00",78876
"2024-05-09T07:11:00.000+00:00",78882
"2024-05-09T07:11:30.000+00:00",78886
"2024-05-09T07:12:00.000+00:00",78890
"2024-05-09T07:12:30.000+00:00",78926
"2024-05-09T07:13:00.000+00:00",79053
"2024-05-09T07:13:30.000+00:00",79059
"2024-05-09T07:14:00.000+00:00",79063
"2024-05-09T07:14:30.000+00:00",79068
"2024-05-09T07:15:00.000+00:00",79072
"2024-05-09T07:15:30.000+00:00",79182
"2024-05-09T07:16:00.000+00:00",79234
"2024-05-09T07:16:30.000+00:00",79238
"2024-05-09T07:17:00.000+00:00",79243
"2024-05-09T07:17:30.000+00:00",79249
"2024-05-09T07:18:00.000+00:00",79325
"2024-05-09T07:18:30.000+00:00",79409
"2024-05-09T07:19:00.000+00:00",79413
"2024-05-09T07:19:30.000+00:00",79419
"2024-05-09T07:20:00.000+00:00",79423
"2024-05-09T07:20:30.000+00:00",79468
"2024-05-09T07:21:00.000+00:00",79584
"2024-05-09T07:21:30.000+00:00",79590
"2024-05-09T07:22:00.000+00:00",79594
"2024-05-09T07:22:30.000+00:00",79598
"2024-05-09T07:23:00.000+00:00",79611
"2024-05-09T07:23:30.000+00:00",79737
"2024-05-09T07:24:00.000+00:00",79765
"2024-05-09T07:24:30.000+00:00",79770
"2024-05-09T07:25:00.000+00:00",79774
"2024-05-09T07:25:30.000+00:00",79778
"2024-05-09T07:26:00.000+00:00",79881
"2024-05-09T07:26:30.000+00:00",79941
"2024-05-09T07:27:00.000+00:00",79945
"2024-05-09T07:27:30.000+00:00",79949
"2024-05-09T07:28:00.000+00:00",79955
"2024-05-09T07:28:30.000+00:00",80023
"2024-05-09T07:29:00.000+00:00",80115
"2024-05-09T07:29:30.000+00:00",80120
"2024-05-09T07:30:00.000+00:00",80126
"2024-05-09T07:30:30.000+00:00",80130
"2024-05-09T07:31:00.000+00:00",80159
"2024-05-09T07:31:30.000+00:00",80283
"2024-05-09T07:32:00.000+00:00",80297
"2024-05-09T07:32:30.000+00:00",80301
"2024-05-09T07:33:00.000+00:00",80306
"2024-05-09T07:33:30.000+00:00",80310
"2024-05-09T07:34:00.000+00:00",80428
"2024-05-09T07:34:30.000+00:00",80472
"2024-05-09T07:35:00.000+00:00",80476
"2024-05-09T07:35:30.000+00:00",80480
"2024-05-09T07:36:00.000+00:00",80486
"2024-05-09T07:36:30.000+00:00",80571
"2024-05-09T07:37:00.000+00:00",80648
"2024-05-09T07:37:30.000+00:00",80652
"2024-05-09T07:38:00.000+00:00",80656
"2024-05-09T07:38:30.000+00:00",80662
"2024-05-09T07:39:00.000+00:00",80706
"2024-05-09T07:39:30.000+00:00",80822
"2024-05-09T07:40:00.000+00:00",80826
"2024-05-09T07:40:30.000+00:00",80832
"2024-05-09T07:41:00.000+00:00",80837
"2024-05-09T07:41:30.000+00:00",80849
"2024-05-09T07:42:00.000+00:00",80973
"2024-05-09T07:42:30.000+00:00",81003
"2024-05-09T07:43:00.000+00:00",81008
"2024-05-09T07:43:30.000+00:00",81012
"2024-05-09T07:44:00.000+00:00",81016
"2024-05-09T07:44:30.000+00:00",81119
"2024-05-09T07:45:00.000+00:00",81181
"2024-05-09T07:45:30.000+00:00",81185
"2024-05-09T07:46:00.000+00:00",81189
"2024-05-09T07:46:30.000+00:00",81196
"2024-05-09T07:47:00.000+00:00",81266
"2024-05-09T07:47:30.000+00:00",81358
"2024-05-09T07:48:00.000+00:00",81362
"2024-05-09T07:48:30.000+00:00",81368
"2024-05-09T07:49:00.000+00:00",81372
"2024-05-09T07:49:30.000+00:00",81400
"2024-05-09T07:50:00.000+00:00",81525
"2024-05-09T07:50:30.000+00:00",81537
"2024-05-09T07:51:00.000+00:00",81543
"2024-05-09T07:51:30.000+00:00",81547
"2024-05-09T07:52:00.000+00:00",81551
"2024-05-09T07:52:30.000+00:00",81667
"2024-05-09T07:53:00.000+00:00",81713
"2024-05-09T07:53:30.000+00:00",81718
"2024-05-09T07:54:00.000+00:00",81722
"2024-05-09T07:54:30.000+00:00",81726
"2024-05-09T07:55:00.000+00:00",81812
"2024-05-09T07:55:30.000+00:00",81888
"2024-05-09T07:56:00.000+00:00",81892
"2024-05-09T07:56:30.000+00:00",81896
"2024-05-09T07:57:00.000+00:00",81903
"2024-05-09T07:57:30.000+00:00",81947
"2024-05-09T07:58:00.000+00:00",82065
"2024-05-09T07:58:30.000+00:00",82069
"2024-05-09T07:59:00.000+00:00",82075
"2024-05-09T07:59:30.000+00:00",82079
"2024-05-09T08:00:00.000+00:00",82100
"2024-05-09T08:00:30.000+00:00",82216
"2024-05-09T08:01:00.000+00:00",82246
"2024-05-09T08:01:30.000+00:00",82250
"2024-05-09T08:02:00.000+00:00",82254
"2024-05-09T08:02:30.000+00:00",82258
"2024-05-09T08:03:00.000+00:00",82358
"2024-05-09T08:03:30.000+00:00",82420
"2024-05-09T08:04:00.000+00:00",82424
"2024-05-09T08:04:30.000+00:00",82428
"2024-05-09T08:05:00.000+00:00",82433
"2024-05-09T08:05:30.000+00:00",82495
"2024-05-09T08:06:00.000+00:00",82596
"2024-05-09T08:06:30.000+00:00",82600
"2024-05-09T08:07:00.000+00:00",82604
"2024-05-09T08:07:30.000+00:00",82610
"2024-05-09T08:08:00.000+00:00",82648
"2024-05-09T08:08:30.000+00:00",82765
"2024-05-09T08:09:00.000+00:00",82777
"2024-05-09T08:09:30.000+00:00",82783
"2024-05-09T08:10:00.000+00:00",82788
"2024-05-09T08:10:30.000+00:00",82792
"2024-05-09T08:11:00.000+00:00",82908
"2024-05-09T08:11:30.000+00:00",82954
"2024-05-09T08:12:00.000+00:00",82959
"2024-05-09T08:12:30.000+00:00",82962
"2024-05-09T08:13:00.000+00:00",82967
"2024-05-09T08:13:30.000+00:00",83035
"2024-05-09T08:14:00.000+00:00",83129
"2024-05-09T08:14:30.000+00:00",83134
"2024-05-09T08:15:00.000+00:00",83137
"2024-05-09T08:15:30.000+00:00",83142
"2024-05-09T08:16:00.000+00:00",83204
"2024-05-09T08:16:30.000+00:00",83441
"2024-05-09T08:17:00.000+00:00",83461
"2024-05-09T08:17:30.000+00:00",83465
"2024-05-09T08:18:00.000+00:00",83471
"2024-05-09T08:18:30.000+00:00",83475
"2024-05-09T08:19:00.000+00:00",83592
"2024-05-09T08:19:30.000+00:00",83637
"2024-05-09T08:20:00.000+00:00",83643
"2024-05-09T08:20:30.000+00:00",83648
"2024-05-09T08:21:00.000+00:00",83653
"2024-05-09T08:21:30.000+00:00",83737
"2024-05-09T08:22:00.000+00:00",83815
"2024-05-09T08:22:30.000+00:00",83820
"2024-05-09T08:23:00.000+00:00",83824
"2024-05-09T08:23:30.000+00:00",83828
"2024-05-09T08:24:00.000+00:00",83882
"2024-05-09T08:24:30.000+00:00",83990
"2024-05-09T08:25:00.000+00:00",83994
"2024-05-09T08:25:30.000+00:00",83999
"2024-05-09T08:26:00.000+00:00",84005
"2024-05-09T08:26:30.000+00:00",84025
"2024-05-09T08:27:00.000+00:00",84149
"2024-05-09T08:27:30.000+00:00",84169
"2024-05-09T08:28:00.000+00:00",84173
"2024-05-09T08:28:30.000+00:00",84179
"2024-05-09T08:29:00.000+00:00",84183
"2024-05-09T08:29:30.000+00:00",84291
"2024-05-09T08:30:00.000+00:00",84344
"2024-05-09T08:30:30.000+00:00",84350
"2024-05-09T08:31:00.000+00:00",84354
"2024-05-09T08:31:30.000+00:00",84358
"2024-05-09T08:32:00.000+00:00",84435
"2024-05-09T08:32:30.000+00:00",84521
"2024-05-09T08:33:00.000+00:00",84525
"2024-05-09T08:33:30.000+00:00",84530
"2024-05-09T08:34:00.000+00:00",84534
"2024-05-09T08:34:30.000+00:00",84572
"2024-05-09T08:35:00.000+00:00",84696
"2024-05-09T08:35:30.000+00:00",84700
"2024-05-09T08:36:00.000+00:00",84704
"2024-05-09T08:36:30.000+00:00",84711
"2024-05-09T08:37:00.000+00:00",84715
"2024-05-09T08:37:30.000+00:00",84839
"2024-05-09T08:38:00.000+00:00",84875
"2024-05-09T08:38:30.000+00:00",84881
"2024-05-09T08:39:00.000+00:00",84887
"2024-05-09T08:39:30.000+00:00",84891
"2024-05-09T08:40:00.000+00:00",84983
"2024-05-09T08:40:30.000+00:00",85051
"2024-05-09T08:41:00.000+00:00",85057
"2024-05-09T08:41:30.000+00:00",85062
"2024-05-09T08:42:00.000+00:00",85066
"2024-05-09T08:42:30.000+00:00",85118
"2024-05-09T08:43:00.000+00:00",85228
"2024-05-09T08:43:30.000+00:00",85233
"2024-05-09T08:44:00.000+00:00",85237
"2024-05-09T08:44:30.000+00:00",85242
"2024-05-09T08:45:00.000+00:00",85272
"2024-05-09T08:45:30.000+00:00",85396
"2024-05-09T08:46:00.000+00:00",85408
"2024-05-09T08:46:30.000+00:00",85413
"2024-05-09T08:47:00.000+00:00",85419
"2024-05-09T08:47:30.000+00:00",85423
"2024-05-09T08:48:00.000+00:00",85539
"2024-05-09T08:48:30.000+00:00",85583
"2024-05-09T08:49:00.000+00:00",85589
"2024-05-09T08:49:30.000+00:00",85593
"2024-05-09T08:50:00.000+00:00",85598
"2024-05-09T08:50:30.000+00:00",85683
"2024-05-09T08:51:00.000+00:00",85761
"2024-05-09T08:51:30.000+00:00",85765
"2024-05-09T08:52:00.000+00:00",85769
"2024-05-09T08:52:30.000+00:00",85774
"2024-05-09T08:53:00.000+00:00",85819
"2024-05-09T08:53:30.000+00:00",85937
"2024-05-09T08:54:00.000+00:00",85941
"2024-05-09T08:54:30.000+00:00",85946
"2024-05-09T08:55:00.000+00:00",85950
"2024-05-09T08:55:30.000+00:00",85964
"2024-05-09T08:56:00.000+00:00",86072
"2024-05-09T08:56:30.000+00:00",86117
"2024-05-09T08:57:00.000+00:00",86120
"2024-05-09T08:57:30.000+00:00",86127
"2024-05-09T08:58:00.000+00:00",86130
"2024-05-09T08:58:30.000+00:00",86230
"2024-05-09T08:59:00.000+00:00",86290
"2024-05-09T08:59:30.000+00:00",86296
"2024-05-09T09:00:00.000+00:00",86300
"2024-05-09T09:00:30.000+00:00",86304
"2024-05-09T09:01:00.000+00:00",86348
"2024-05-09T09:01:30.000+00:00",86467
"2024-05-09T09:02:00.000+00:00",86471
"2024-05-09T09:02:30.000+00:00",86475
"2024-05-09T09:03:00.000+00:00",86479
"2024-05-09T09:03:30.000+00:00",86491
"2024-05-09T09:04:00.000+00:00",86617
"2024-05-09T09:04:30.000+00:00",86645
"2024-05-09T09:05:00.000+00:00",86650
"2024-05-09T09:05:30.000+00:00",86656
"2024-05-09T09:06:00.000+00:00",86662
"2024-05-09T09:06:30.000+00:00",86762
"2024-05-09T09:07:00.000+00:00",86822
"2024-05-09T09:07:30.000+00:00",86826
"2024-05-09T09:08:00.000+00:00",86833
"2024-05-09T09:08:30.000+00:00",86837
"2024-05-09T09:09:00.000+00:00",86905
"2024-05-09T09:09:30.000+00:00",86997
"2024-05-09T09:10:00.000+00:00",87003
"2024-05-09T09:10:30.000+00:00",87008
"2024-05-09T09:11:00.000+00:00",87012
"2024-05-09T09:11:30.000+00:00",87048
"2024-05-09T09:12:00.000+00:00",87175
"2024-05-09T09:12:30.000+00:00",87179
"2024-05-09T09:13:00.000+00:00",87184
"2024-05-09T09:13:30.000+00:00",87188
"2024-05-09T09:14:00.000+00:00",87194
"2024-05-09T09:14:30.000+00:00",87318
"2024-05-09T09:15:00.000+00:00",87354
"2024-05-09T09:15:30.000+00:00",87358
"2024-05-09T09:16:00.000+00:00",87365
"2024-05-09T09:16:30.000+00:00",87369
"2024-05-09T09:17:00.000+00:00",87462
"2024-05-09T09:17:30.000+00:00",87529
"2024-05-09T09:18:00.000+00:00",87533
"2024-05-09T09:18:30.000+00:00",87539
"2024-05-09T09:19:00.000+00:00",87543
"2024-05-09T09:19:30.000+00:00",87604
"2024-05-09T09:20:00.000+00:00",87704
"2024-05-09T09:20:30.000+00:00",87710
"2024-05-09T09:21:00.000+00:00",87714
"2024-05-09T09:21:30.000+00:00",87718
"2024-05-09T09:22:00.000+00:00",87738
"2024-05-09T09:22:30.000+00:00",87865
"2024-05-09T09:23:00.000+00:00",87886
"2024-05-09T09:23:30.000+00:00",87890
"2024-05-09T09:24:00.000+00:00",87894
"2024-05-09T09:24:30.000+00:00",87900
"2024-05-09T09:25:00.000+00:00",88008
"2024-05-09T09:25:30.000+00:00",88061
"2024-05-09T09:26:00.000+00:00",88066
"2024-05-09T09:26:30.000+00:00",88072
"2024-05-09T09:27:00.000+00:00",88076
"2024-05-09T09:27:30.000+00:00",88152
"2024-05-09T09:28:00.000+00:00",88237
"2024-05-09T09:28:30.000+00:00",88243
"2024-05-09T09:29:00.000+00:00",88248
"2024-05-09T09:29:30.000+00:00",88252
"2024-05-09T09:30:00.000+00:00",88328
"2024-05-09T09:30:30.000+00:00",88564
"2024-05-09T09:31:00.000+00:00",88570
"2024-05-09T09:31:30.000+00:00",88574
"2024-05-09T09:32:00.000+00:00",88578
"2024-05-09T09:32:30.000+00:00",88582
"2024-05-09T09:33:00.000+00:00",88796
"2024-05-09T09:33:30.000+00:00",88899
"2024-05-09T09:34:00.000+00:00",88903
"2024-05-09T09:34:30.000+00:00",88907
"2024-05-09T09:35:00.000+00:00",88913
"2024-05-09T09:35:30.000+00:00",88989
"2024-05-09T09:36:00.000+00:00",89076
"2024-05-09T09:36:30.000+00:00",89080
"2024-05-09T09:37:00.000+00:00",89086
"2024-05-09T09:37:30.000+00:00",89090
"2024-05-09T09:38:00.000+00:00",89134
"2024-05-09T09:38:30.000+00:00",89250
"2024-05-09T09:39:00.000+00:00",89257
"2024-05-09T09:39:30.000+00:00",89262
"2024-05-09T09:40:00.000+00:00",89266
"2024-05-09T09:40:30.000+00:00",89270
"2024-05-09T09:41:00.000+00:00",89394
"2024-05-09T09:41:30.000+00:00",89432
"2024-05-09T09:42:00.000+00:00",89437
"2024-05-09T09:42:30.000+00:00",89441
"2024-05-09T09:43:00.000+00:00",89445
"2024-05-09T09:43:30.000+00:00",89539
"2024-05-09T09:44:00.000+00:00",89607
"2024-05-09T09:44:30.000+00:00",89611
"2024-05-09T09:45:00.000+00:00",89615
"2024-05-09T09:45:30.000+00:00",89623
"2024-05-09T09:46:00.000+00:00",89683
"2024-05-09T09:46:30.000+00:00",89783
"2024-05-09T09:47:00.000+00:00",89787
"2024-05-09T09:47:30.000+00:00",89793
"2024-05-09T09:48:00.000+00:00",89797
"2024-05-09T09:48:30.000+00:00",89825
"2024-05-09T09:49:00.000+00:00",89942
"2024-05-09T09:49:30.000+00:00",89964
"2024-05-09T09:50:00.000+00:00",89968
"2024-05-09T09:50:30.000+00:00",89973
"2024-05-09T09:51:00.000+00:00",89977
"2024-05-09T09:51:30.000+00:00",90087
"2024-05-09T09:52:00.000+00:00",90140
"2024-05-09T09:52:30.000+00:00",90144
"2024-05-09T09:53:00.000+00:00",90148
"2024-05-09T09:53:30.000+00:00",90152
"2024-05-09T09:54:00.000+00:00",90230
"2024-05-09T09:54:30.000+00:00",90314
"2024-05-09T09:55:00.000+00:00",90318
"2024-05-09T09:55:30.000+00:00",90323
"2024-05-09T09:56:00.000+00:00",90330
"2024-05-09T09:56:30.000+00:00",90374
"2024-05-09T09:57:00.000+00:00",90490
"2024-05-09T09:57:30.000+00:00",90494
"2024-05-09T09:58:00.000+00:00",90500
"2024-05-09T09:58:30.000+00:00",90505
"2024-05-09T09:59:00.000+00:00",90510
"2024-05-09T09:59:30.000+00:00",90634
"2024-05-09T10:00:00.000+00:00",90672
"2024-05-09T10:00:30.000+00:00",90676
"2024-05-09T10:01:00.000+00:00",90681
"2024-05-09T10:01:30.000+00:00",90685
"2024-05-09T10:02:00.000+00:00",90779
"2024-05-09T10:02:30.000+00:00",90847
"2024-05-09T10:03:00.000+00:00",90851
"2024-05-09T10:03:30.000+00:00",90855
"2024-05-09T10:04:00.000+00:00",90861
"2024-05-09T10:04:30.000+00:00",90923
"2024-05-09T10:05:00.000+00:00",91023
"2024-05-09T10:05:30.000+00:00",91027
"2024-05-09T10:06:00.000+00:00",91033
"2024-05-09T10:06:30.000+00:00",91037
"2024-05-09T10:07:00.000+00:00",91065
"2024-05-09T10:07:30.000+00:00",91182
"2024-05-09T10:08:00.000+00:00",91202
"2024-05-09T10:08:30.000+00:00",91208
"2024-05-09T10:09:00.000+00:00",91212
"2024-05-09T10:09:30.000+00:00",91216
"2024-05-09T10:10:00.000+00:00",91324
"2024-05-09T10:10:30.000+00:00",91379
"2024-05-09T10:11:00.000+00:00",91383
"2024-05-09T10:11:30.000+00:00",91387
"2024-05-09T10:12:00.000+00:00",91392
"2024-05-09T10:12:30.000+00:00",91470
"2024-05-09T10:13:00.000+00:00",91554
"2024-05-09T10:13:30.000+00:00",91559
"2024-05-09T10:14:00.000+00:00",91563
"2024-05-09T10:14:30.000+00:00",91569
"2024-05-09T10:15:00.000+00:00",91613
"2024-05-09T10:15:30.000+00:00",91728
"2024-05-09T10:16:00.000+00:00",91732
"2024-05-09T10:16:30.000+00:00",91738
"2024-05-09T10:17:00.000+00:00",91743
"2024-05-09T10:17:30.000+00:00",91755
"2024-05-09T10:18:00.000+00:00",91871
"2024-05-09T10:18:30.000+00:00",91909
"2024-05-09T10:19:00.000+00:00",91914
"2024-05-09T10:19:30.000+00:00",91918
"2024-05-09T10:20:00.000+00:00",91923
"2024-05-09T10:20:30.000+00:00",92015
"2024-05-09T10:21:00.000+00:00",92085
"2024-05-09T10:21:30.000+00:00",92089
"2024-05-09T10:22:00.000+00:00",92093
"2024-05-09T10:22:30.000+00:00",92097
"2024-05-09T10:23:00.000+00:00",92160
"2024-05-09T10:23:30.000+00:00",92261
"2024-05-09T10:24:00.000+00:00",92266
"2024-05-09T10:24:30.000+00:00",92270
"2024-05-09T10:25:00.000+00:00",92276
"2024-05-09T10:25:30.000+00:00",92304
"2024-05-09T10:26:00.000+00:00",92420
"2024-05-09T10:26:30.000+00:00",92441
"2024-05-09T10:27:00.000+00:00",92447
"2024-05-09T10:27:30.000+00:00",92451
"2024-05-09T10:28:00.000+00:00",92455
"2024-05-09T10:28:30.000+00:00",92563
"2024-05-09T10:29:00.000+00:00",92618
"2024-05-09T10:29:30.000+00:00",92623
"2024-05-09T10:30:00.000+00:00",92627
"2024-05-09T10:30:30.000+00:00",92631
"2024-05-09T10:31:00.000+00:00",92709
"2024-05-09T10:31:30.000+00:00",92793
"2024-05-09T10:32:00.000+00:00",92798
"2024-05-09T10:32:30.000+00:00",92802
"2024-05-09T10:33:00.000+00:00",92807
"2024-05-09T10:33:30.000+00:00",92851
"2024-05-09T10:34:00.000+00:00",92967
"2024-05-09T10:34:30.000+00:00",92971
"2024-05-09T10:35:00.000+00:00",92976
"2024-05-09T10:35:30.000+00:00",92983
"2024-05-09T10:36:00.000+00:00",92995
"2024-05-09T10:36:30.000+00:00",93119
"2024-05-09T10:37:00.000+00:00",93147
"2024-05-09T10:37:30.000+00:00",93153
"2024-05-09T10:38:00.000+00:00",93158
"2024-05-09T10:38:30.000+00:00",93162
"2024-05-09T10:39:00.000+00:00",93262
"2024-05-09T10:39:30.000+00:00",93324
"2024-05-09T10:40:00.000+00:00",93328
"2024-05-09T10:40:30.000+00:00",93333
"2024-05-09T10:41:00.000+00:00",93337
"2024-05-09T10:41:30.000+00:00",93399
"2024-05-09T10:42:00.000+00:00",93499
"2024-05-09T10:42:30.000+00:00",93503
"2024-05-09T10:43:00.000+00:00",93507
"2024-05-09T10:43:30.000+00:00",93513
"2024-05-09T10:44:00.000+00:00",93542
"2024-05-09T10:44:30.000+00:00",93665
"2024-05-09T10:45:00.000+00:00",93677
"2024-05-09T10:45:30.000+00:00",93682
"2024-05-09T10:46:00.000+00:00",93688
"2024-05-09T10:46:30.000+00:00",93692
"2024-05-09T10:47:00.000+00:00",93808
"2024-05-09T10:47:30.000+00:00",93853
"2024-05-09T10:48:00.000+00:00",93859
"2024-05-09T10:48:30.000+00:00",93863
"2024-05-09T10:49:00.000+00:00",93867
"2024-05-09T10:49:30.000+00:00",93951
"2024-05-09T10:50:00.000+00:00",94029
"2024-05-09T10:50:30.000+00:00",94034
"2024-05-09T10:51:00.000+00:00",94038
"2024-05-09T10:51:30.000+00:00",94042
"2024-05-09T10:52:00.000+00:00",94096
"2024-05-09T10:52:30.000+00:00",94204
"2024-05-09T10:53:00.000+00:00",94209
"2024-05-09T10:53:30.000+00:00",94213
"2024-05-09T10:54:00.000+00:00",94220
"2024-05-09T10:54:30.000+00:00",94232
"2024-05-09T10:55:00.000+00:00",94356
"2024-05-09T10:55:30.000+00:00",94384
"2024-05-09T10:56:00.000+00:00",94390
"2024-05-09T10:56:30.000+00:00",94394
"2024-05-09T10:57:00.000+00:00",94398
"2024-05-09T10:57:30.000+00:00",94498
"2024-05-09T10:58:00.000+00:00",94560
"2024-05-09T10:58:30.000+00:00",94566
"2024-05-09T10:59:00.000+00:00",94570
"2024-05-09T10:59:30.000+00:00",94574
"2024-05-09T11:00:00.000+00:00",94626
"2024-05-09T11:00:30.000+00:00",94736
"2024-05-09T11:01:00.000+00:00",94740
"2024-05-09T11:01:30.000+00:00",94744
"2024-05-09T11:02:00.000+00:00",94748
"2024-05-09T11:02:30.000+00:00",94779
"2024-05-09T11:03:00.000+00:00",94888
"2024-05-09T11:03:30.000+00:00",94916
"2024-05-09T11:04:00.000+00:00",94920
"2024-05-09T11:04:30.000+00:00",94927
"2024-05-09T11:05:00.000+00:00",94930
"2024-05-09T11:05:30.000+00:00",95030
"2024-05-09T11:06:00.000+00:00",95091
"2024-05-09T11:06:30.000+00:00",95097
"2024-05-09T11:07:00.000+00:00",95101
"2024-05-09T11:07:30.000+00:00",95106
"2024-05-09T11:08:00.000+00:00",95166
"2024-05-09T11:08:30.000+00:00",95266
"2024-05-09T11:09:00.000+00:00",95274
"2024-05-09T11:09:30.000+00:00",95278
"2024-05-09T11:10:00.000+00:00",95282
"2024-05-09T11:10:30.000+00:00",95286
"2024-05-09T11:11:00.000+00:00",95292
"2024-05-09T11:11:30.000+00:00",95296
"2024-05-09T11:12:00.000+00:00",95301
"2024-05-09T11:12:30.000+00:00",95305
"2024-05-09T11:13:00.000+00:00",95311
"2024-05-09T11:13:30.000+00:00",95315
"2024-05-09T11:14:00.000+00:00",95319
"2024-05-09T11:14:30.000+00:00",95323
"2024-05-09T11:15:00.000+00:00",95329
"2024-05-09T11:15:30.000+00:00",95334
"2024-05-09T11:16:00.000+00:00",95338
"2024-05-09T11:16:30.000+00:00",95342
"2024-05-09T11:17:00.000+00:00",95348
"2024-05-09T11:17:30.000+00:00",95352
"2024-05-09T11:18:00.000+00:00",95357
"2024-05-09T11:18:30.000+00:00",95361
"2024-05-09T11:19:00.000+00:00",95367
"2024-05-09T11:19:30.000+00:00",95371
"2024-05-09T11:20:00.000+00:00",95377
"2024-05-09T11:20:30.000+00:00",95381
"2024-05-09T11:21:00.000+00:00",95385
"2024-05-09T11:21:30.000+00:00",95392
"2024-05-09T11:22:00.000+00:00",95396
"2024-05-09T11:22:30.000+00:00",95400
"2024-05-09T11:23:00.000+00:00",95404
"2024-05-09T11:23:30.000+00:00",95410
"2024-05-09T11:24:00.000+00:00",95415
"2024-05-09T11:24:30.000+00:00",95419
"2024-05-09T11:25:00.000+00:00",95423
"2024-05-09T11:25:30.000+00:00",95429
"2024-05-09T11:26:00.000+00:00",95433
"2024-05-09T11:26:30.000+00:00",95439
"2024-05-09T11:27:00.000+00:00",95443
"2024-05-09T11:27:30.000+00:00",95449
"2024-05-09T11:28:00.000+00:00",95453
"2024-05-09T11:28:30.000+00:00",95457
"2024-05-09T11:29:00.000+00:00",95462
"2024-05-09T11:29:30.000+00:00",95468
"2024-05-09T11:30:00.000+00:00",95472
"2024-05-09T11:30:30.000+00:00",95476
"2024-05-09T11:31:00.000+00:00",95480
"2024-05-09T11:31:30.000+00:00",95486
"2024-05-09T11:32:00.000+00:00",95491
"2024-05-09T11:32:30.000+00:00",95496
"2024-05-09T11:33:00.000+00:00",95500
"2024-05-09T11:33:30.000+00:00",95506
"2024-05-09T11:34:00.000+00:00",95510
"2024-05-09T11:34:30.000+00:00",95514
"2024-05-09T11:35:00.000+00:00",95518
"2024-05-09T11:35:30.000+00:00",95523
"2024-05-09T11:36:00.000+00:00",95529
"2024-05-09T11:36:30.000+00:00",95533
"2024-05-09T11:37:00.000+00:00",95538
"2024-05-09T11:37:30.000+00:00",95542
"2024-05-09T11:38:00.000+00:00",95548
"2024-05-09T11:38:30.000+00:00",95552
"2024-05-09T11:39:00.000+00:00",95557
"2024-05-09T11:39:30.000+00:00",95561
"2024-05-09T11:40:00.000+00:00",95567
"2024-05-09T11:40:30.000+00:00",95571
"2024-05-09T11:41:00.000+00:00",95576
"2024-05-09T11:41:30.000+00:00",95580
"2024-05-09T11:42:00.000+00:00",95587
"2024-05-09T11:42:30.000+00:00",95591
"2024-05-09T11:43:00.000+00:00",95597
"2024-05-09T11:43:30.000+00:00",95601
"2024-05-09T11:44:00.000+00:00",95607
"2024-05-09T11:44:30.000+00:00",95611
"2024-05-09T11:45:00.000+00:00",95616
"2024-05-09T11:45:30.000+00:00",95620
"2024-05-09T11:46:00.000+00:00",95626
"2024-05-09T11:46:30.000+00:00",95630
"2024-05-09T11:47:00.000+00:00",95634
"2024-05-09T11:47:30.000+00:00",95639
"2024-05-09T11:48:00.000+00:00",95643
"2024-05-09T11:48:30.000+00:00",95649
"2024-05-09T11:49:00.000+00:00",95653
"2024-05-09T11:49:30.000+00:00",95657
"2024-05-09T11:50:00.000+00:00",95661
"2024-05-09T11:50:30.000+00:00",95667
"2024-05-09T11:51:00.000+00:00",95672
"2024-05-09T11:51:30.000+00:00",95676
"2024-05-09T11:52:00.000+00:00",95680
"2024-05-09T11:52:30.000+00:00",95686
"2024-05-09T11:53:00.000+00:00",95691
"2024-05-09T11:53:30.000+00:00",95695
"2024-05-09T11:54:00.000+00:00",95699
"2024-05-09T11:54:30.000+00:00",95705
"2024-05-09T11:55:00.000+00:00",95710
"2024-05-09T11:55:30.000+00:00",95714
"2024-05-09T11:56:00.000+00:00",95718
"2024-05-09T11:56:30.000+00:00",95724
"2024-05-09T11:57:00.000+00:00",95728
"2024-05-09T11:57:30.000+00:00",95732
"2024-05-09T11:58:00.000+00:00",95736
"2024-05-09T11:58:30.000+00:00",95742
"2024-05-09T11:59:00.000+00:00",95747
"2024-05-09T11:59:30.000+00:00",95751
"2024-05-09T12:00:00.000+00:00",95756
"2024-05-09T12:00:30.000+00:00",95760
"2024-05-09T12:01:00.000+00:00",95766
"2024-05-09T12:01:30.000+00:00",95771
"2024-05-09T12:02:00.000+00:00",95775
"2024-05-09T12:02:30.000+00:00",95779
"2024-05-09T12:03:00.000+00:00",95785
"2024-05-09T12:03:30.000+00:00",95789
"2024-05-09T12:04:00.000+00:00",95793
"2024-05-09T12:04:30.000+00:00",95797
"2024-05-09T12:05:00.000+00:00",95804
"2024-05-09T12:05:30.000+00:00",95809
"2024-05-09T12:06:00.000+00:00",95813
"2024-05-09T12:06:30.000+00:00",95817
"2024-05-09T12:07:00.000+00:00",95823
"2024-05-09T12:07:30.000+00:00",95827
"2024-05-09T12:08:00.000+00:00",95831
"2024-05-09T12:08:30.000+00:00",95835
"2024-05-09T12:09:00.000+00:00",95842
"2024-05-09T12:09:30.000+00:00",95846
"2024-05-09T12:10:00.000+00:00",95850
"2024-05-09T12:10:30.000+00:00",95855
"2024-05-09T12:11:00.000+00:00",95861
"2024-05-09T12:11:30.000+00:00",95865
"2024-05-09T12:12:00.000+00:00",95870
"2024-05-09T12:12:30.000+00:00",95874
"2024-05-09T12:13:00.000+00:00",95878
"2024-05-09T12:13:30.000+00:00",95884
"2024-05-09T12:14:00.000+00:00",95888
"2024-05-09T12:14:30.000+00:00",95893
"2024-05-09T12:15:00.000+00:00",95897
"2024-05-09T12:15:30.000+00:00",95904
"2024-05-09T12:16:00.000+00:00",95909
"2024-05-09T12:16:30.000+00:00",95913
"2024-05-09T12:17:00.000+00:00",95917
"2024-05-09T12:17:30.000+00:00",95923
"2024-05-09T12:18:00.000+00:00",95927
"2024-05-09T12:18:30.000+00:00",95931
"2024-05-09T12:19:00.000+00:00",95936
"2024-05-09T12:19:30.000+00:00",95942
"2024-05-09T12:20:00.000+00:00",95946
"2024-05-09T12:20:30.000+00:00",95950
"2024-05-09T12:21:00.000+00:00",95954
"2024-05-09T12:21:30.000+00:00",95960
"2024-05-09T12:22:00.000+00:00",95965
"2024-05-09T12:22:30.000+00:00",95969
"2024-05-09T12:23:00.000+00:00",95973
"2024-05-09T12:23:30.000+00:00",95979
"2024-05-09T12:24:00.000+00:00",95983
"2024-05-09T12:24:30.000+00:00",95987
"2024-05-09T12:25:00.000+00:00",95991
"2024-05-09T12:25:30.000+00:00",95996
"2024-05-09T12:26:00.000+00:00",96004
"2024-05-09T12:26:30.000+00:00",96008
"2024-05-09T12:27:00.000+00:00",96012
"2024-05-09T12:27:30.000+00:00",96016
"2024-05-09T12:28:00.000+00:00",96022
"2024-05-09T12:28:30.000+00:00",96027
"2024-05-09T12:29:00.000+00:00",96031
"2024-05-09T12:29:30.000+00:00",96035
"2024-05-09T12:30:00.000+00:00",96041
"2024-05-09T12:30:30.000+00:00",96045
"2024-05-09T12:31:00.000+00:00",96049
"2024-05-09T12:31:30.000+00:00",96053
"2024-05-09T12:32:00.000+00:00",96060
"2024-05-09T12:32:30.000+00:00",96064
"2024-05-09T12:33:00.000+00:00",96068
"2024-05-09T12:33:30.000+00:00",96073
"2024-05-09T12:34:00.000+00:00",96079
"2024-05-09T12:34:30.000+00:00",96083
"2024-05-09T12:35:00.000+00:00",96087
"2024-05-09T12:35:30.000+00:00",96092
"2024-05-09T12:36:00.000+00:00",96098
"2024-05-09T12:36:30.000+00:00",96102
"2024-05-09T12:37:00.000+00:00",96106
"2024-05-09T12:37:30.000+00:00",96110
"2024-05-09T12:38:00.000+00:00",96115
"2024-05-09T12:38:30.000+00:00",96121
"2024-05-09T12:39:00.000+00:00",96126
"2024-05-09T12:39:30.000+00:00",96130
"2024-05-09T12:40:00.000+00:00",96134
"2024-05-09T12:40:30.000+00:00",96140
"2024-05-09T12:41:00.000+00:00",96144
"2024-05-09T12:41:30.000+00:00",96148
"2024-05-09T12:42:00.000+00:00",96152
"2024-05-09T12:42:30.000+00:00",96158
"2024-05-09T12:43:00.000+00:00",96162
"2024-05-09T12:43:30.000+00:00",96168
"2024-05-09T12:44:00.000+00:00",96172
"2024-05-09T12:44:30.000+00:00",96178
"2024-05-09T12:45:00.000+00:00",96182
"2024-05-09T12:45:30.000+00:00",96186
"2024-05-09T12:46:00.000+00:00",96190
"2024-05-09T12:46:30.000+00:00",96197
"2024-05-09T12:47:00.000+00:00",96201
"2024-05-09T12:47:30.000+00:00",96204
"2024-05-09T12:48:00.000+00:00",96209
"2024-05-09T12:48:30.000+00:00",96216
"2024-05-09T12:49:00.000+00:00",96220
"2024-05-09T12:49:30.000+00:00",96225
"2024-05-09T12:50:00.000+00:00",96229
"2024-05-09T12:50:30.000+00:00",96233
"2024-05-09T12:51:00.000+00:00",96240
"2024-05-09T12:51:30.000+00:00",96244
"2024-05-09T12:52:00.000+00:00",96248
"2024-05-09T12:52:30.000+00:00",96252
"2024-05-09T12:53:00.000+00:00",96258
"2024-05-09T12:53:30.000+00:00",96262
"2024-05-09T12:54:00.000+00:00",96267
"2024-05-09T12:54:30.000+00:00",96271
"2024-05-09T12:55:00.000+00:00",96277
"2024-05-09T12:55:30.000+00:00",96281
"2024-05-09T12:56:00.000+00:00",96285
"2024-05-09T12:56:30.000+00:00",96289
"2024-05-09T12:57:00.000+00:00",96296
"2024-05-09T12:57:30.000+00:00",96300
"2024-05-09T12:58:00.000+00:00",96304
"2024-05-09T12:58:30.000+00:00",96308
"2024-05-09T12:59:00.000+00:00",96314
"2024-05-09T12:59:30.000+00:00",96318
"2024-05-09T13:00:00.000+00:00",96323
"2024-05-09T13:00:30.000+00:00",96327
"2024-05-09T13:01:00.000+00:00",96332
"2024-05-09T13:01:30.000+00:00",96338
"2024-05-09T13:02:00.000+00:00",96342
"2024-05-09T13:02:30.000+00:00",96346
"2024-05-09T13:03:00.000+00:00",96350
"2024-05-09T13:03:30.000+00:00",96356
"2024-05-09T13:04:00.000+00:00",96361
"2024-05-09T13:04:30.000+00:00",96365
"2024-05-09T13:05:00.000+00:00",96369
"2024-05-09T13:05:30.000+00:00",96375
"2024-05-09T13:06:00.000+00:00",96379
"2024-05-09T13:06:30.000+00:00",96383
"2024-05-09T13:07:00.000+00:00",96388
"2024-05-09T13:07:30.000+00:00",96394
"2024-05-09T13:08:00.000+00:00",96399
"2024-05-09T13:08:30.000+00:00",96403
"2024-05-09T13:09:00.000+00:00",96407
"2024-05-09T13:09:30.000+00:00",96413
"2024-05-09T13:10:00.000+00:00",96417
"2024-05-09T13:10:30.000+00:00",96422
"2024-05-09T13:11:00.000+00:00",96427
"2024-05-09T13:11:30.000+00:00",96433
"2024-05-09T13:12:00.000+00:00",96437
"2024-05-09T13:12:30.000+00:00",96441
"2024-05-09T13:13:00.000+00:00",96445
"2024-05-09T13:13:30.000+00:00",96450
"2024-05-09T13:14:00.000+00:00",96456
"2024-05-09T13:14:30.000+00:00",96460
"2024-05-09T13:15:00.000+00:00",96464
"2024-05-09T13:15:30.000+00:00",96468
"2024-05-09T13:16:00.000+00:00",96474
"2024-05-09T13:16:30.000+00:00",96478
"2024-05-09T13:17:00.000+00:00",96482
"2024-05-09T13:17:30.000+00:00",96488
"2024-05-09T13:18:00.000+00:00",96494
"2024-05-09T13:18:30.000+00:00",96498
"2024-05-09T13:19:00.000+00:00",96502
"2024-05-09T13:19:30.000+00:00",96506
"2024-05-09T13:20:00.000+00:00",96512
"2024-05-09T13:20:30.000+00:00",96517
"2024-05-09T13:21:00.000+00:00",96521
"2024-05-09T13:21:30.000+00:00",96526
"2024-05-09T13:22:00.000+00:00",96532
"2024-05-09T13:22:30.000+00:00",96536
"2024-05-09T13:23:00.000+00:00",96540
"2024-05-09T13:23:30.000+00:00",96545
"2024-05-09T13:24:00.000+00:00",96552
"2024-05-09T13:24:30.000+00:00",96556
"2024-05-09T13:25:00.000+00:00",96560
"2024-05-09T13:25:30.000+00:00",96564
"2024-05-09T13:26:00.000+00:00",96570
"2024-05-09T13:26:30.000+00:00",96574
"2024-05-09T13:27:00.000+00:00",96579
"2024-05-09T13:27:30.000+00:00",96583
"2024-05-09T13:28:00.000+00:00",96587
"2024-05-09T13:28:30.000+00:00",96593
"2024-05-09T13:29:00.000+00:00",96597
"2024-05-09T13:29:30.000+00:00",96602
"2024-05-09T13:30:00.000+00:00",96606
"2024-05-09T13:30:30.000+00:00",96612
"2024-05-09T13:31:00.000+00:00",96616
"2024-05-09T13:31:30.000+00:00",96620
"2024-05-09T13:32:00.000+00:00",96624
"2024-05-09T13:32:30.000+00:00",96630
"2024-05-09T13:33:00.000+00:00",96634
"2024-05-09T13:33:30.000+00:00",96640
"2024-05-09T13:34:00.000+00:00",96644
"2024-05-09T13:34:30.000+00:00",96650
"2024-05-09T13:35:00.000+00:00",96654
"2024-05-09T13:35:30.000+00:00",96658
"2024-05-09T13:36:00.000+00:00",96662
"2024-05-09T13:36:30.000+00:00",96669
"2024-05-09T13:37:00.000+00:00",96672
"2024-05-09T13:37:30.000+00:00",96677
"2024-05-09T13:38:00.000+00:00",96681
"2024-05-09T13:38:30.000+00:00",96687
"2024-05-09T13:39:00.000+00:00",96691
"2024-05-09T13:39:30.000+00:00",96695
"2024-05-09T13:40:00.000+00:00",96700
"2024-05-09T13:40:30.000+00:00",96704
"2024-05-09T13:41:00.000+00:00",96711
"2024-05-09T13:41:30.000+00:00",96716
"2024-05-09T13:42:00.000+00:00",96720
"2024-05-09T13:42:30.000+00:00",96724
"2024-05-09T13:43:00.000+00:00",96730
"2024-05-09T13:43:30.000+00:00",96735
"2024-05-09T13:44:00.000+00:00",96738
"2024-05-09T13:44:30.000+00:00",96743
"2024-05-09T13:45:00.000+00:00",96749
"2024-05-09T13:45:30.000+00:00",96754
"2024-05-09T13:46:00.000+00:00",96758
"2024-05-09T13:46:30.000+00:00",96763
"2024-05-09T13:47:00.000+00:00",96769
